Feature Space,Silhouette Score,Calinski-Harabasz,Davies-Bouldin
Original Space,0.0044202059507369995,0.2142815887928009,30.447146927431135
Classical PCA Space,0.00894099660217762,0.9357820749282837,14.999506292992022
Quantum Kernel Space,0.003161525120958686,2.3323612213134766,10.115758323555886
